-------,-------,-------,-------,-------
ProductId,FileType,EcmCode,Count,Values
AAK,COE,AP90008.19,Matching,'Matching'
AAK,COE,AP90129.01,Matching,'Matching'
AAK,COE,AP90162.01,Matching,'Matching'
AAK,COE,AP90166.00,Matching,'Matching'
AAK,COE,AP90167.00,Matching,'Matching'
AAK,COE,AP90176.01,Matching,'Matching'
AAK,COE,AP90186.02,Matching,'Matching'
AAK,COE,AP90187.00,Matching,'Matching'
AAK,COE,AP90188.00,Matching,'Matching'
AAK,COE,AP90197.00,Matching,'Matching'
AAK,ENG,AP90008.19,Matching,'Matching'
AAK,ENG,AP90129.01,Matching,'Matching'
AAK,ENG,AP90162.01,Matching,'Matching'
AAK,ENG,AP90166.00,Matching,'Matching'
AAK,ENG,AP90167.00,Matching,'Matching'
AAK,ENG,AP90176.01,Matching,'Matching'
AAK,ENG,AP90186.02,Matching,'Matching'
AAK,ENG,AP90187.00,Matching,'Matching'
AAK,ENG,AP90188.00,Matching,'Matching'
AAK,ENG,AP90197.00,Matching,'Matching'
AAK,MFG,AP90008.19,Matching,'Matching'
AAK,MFG,AP90129.01,Matching,'Matching'
AAK,MFG,AP90162.01,Matching,'Matching'
AAK,MFG,AP90166.00,Matching,'Matching'
AAK,MFG,AP90167.00,Matching,'Matching'
AAK,MFG,AP90176.01,Matching,'Matching'
AAK,MFG,AP90186.02,Matching,'Matching'
AAK,MFG,AP90187.00,Matching,'Matching'
AAK,MFG,AP90188.00,Matching,'Matching'
AAK,MFG,AP90197.00,Matching,'Matching'
