<?xml version="1.0" encoding="UTF-8"?>
<Configuration status="INFO">
    <Properties>
        <Property name="LOG_PATTERN">%d{HH:mm:ss.SSS} [%t] %-5level %logger{36} - %msg%n"</Property>
        <Property name="LOG_DIR">logs</Property>
        <Property name="LOG_FILE_NAME">itemsync</Property>
    </Properties>
    <Appenders>
        <Console name="Console" target="SYSTEM_OUT">
            <PatternLayout pattern="%d{HH:mm:ss.SSS} [%t] %-5level %logger{36} [%X{uuid}] - %msg%n"/>
        </Console>
        <RollingFile name="dailyFileLog"
                     fileName="${LOG_DIR}/${LOG_FILE_NAME}.log"
                     filePattern="${LOG_DIR}/${LOG_FILE_NAME}-%d{dd-MM-yyyy-HH}.log" >
                     <PatternLayout pattern="%d{HH:mm:ss.SSS} [%t] %-5level %logger{36} [%X{uuid}] - %msg%n"/>
            <Policies>
                <TimeBasedTriggeringPolicy/>
            </Policies>
        </RollingFile>
    </Appenders>
    <Loggers>
        <Logger name="com" level="INFO">
            <AppenderRef ref="dailyFileLog"/>
        </Logger>
        <Root level="ERROR">
            <AppenderRef ref="Console"/>
        </Root>
    </Loggers>
</Configuration>