<?xml version="1.0" encoding="utf-8"?>
<!DOCTYPE configuration>
<configuration>
 
  <property name="LOG_PATTERN" value="%d{HH:mm:ss.SSS} [%t] %-5level %logger{36} [%X{uuid}] - %msg%n" />
  <property name="APP_LOG_ROOT" value="G:/PROCESSING/ServicePkg/logs"/>
   
  <appender name="console" class="ch.qos.logback.core.ConsoleAppender">
		<encoder>
			<pattern>${LOG_PATTERN}</pattern>
		</encoder>
	</appender>
 
  <appender name="ServiceCalParent" class="ch.qos.logback.core.rolling.RollingFileAppender">
    <file>${APP_LOG_ROOT}/serviceCalParent.log</file>
    <encoder>
      <pattern>${LOG_PATTERN}</pattern>
    </encoder>
    <rollingPolicy class="ch.qos.logback.core.rolling.TimeBasedRollingPolicy">
          <fileNamePattern>${APP_LOG_ROOT}/serviceCalParent-%d{dd-MM-yyyy}.log</fileNamePattern>
      </rollingPolicy>
  </appender>
   
  <appender name="ServiceCalChild" class="ch.qos.logback.core.rolling.RollingFileAppender">
    <file>${APP_LOG_ROOT}/serviceCalChild.log</file>
   <encoder>
      <pattern>${LOG_PATTERN}</pattern>
    </encoder>
    <rollingPolicy class="ch.qos.logback.core.rolling.TimeBasedRollingPolicy">
          <fileNamePattern>${APP_LOG_ROOT}/serviceCalChild-%d{dd-MM-yyyy}.log</fileNamePattern>
      </rollingPolicy>
  </appender>  
   
  <appender name="ServiceLayout" class="ch.qos.logback.core.rolling.RollingFileAppender">
    <file>${APP_LOG_ROOT}/serviceLayout.log</file>
     <encoder>
      <pattern>${LOG_PATTERN}</pattern>
    </encoder>
    <rollingPolicy class="ch.qos.logback.core.rolling.TimeBasedRollingPolicy">
          <fileNamePattern>${APP_LOG_ROOT}/serviceLayout-%d{dd-MM-yyyy}.log</fileNamePattern>
      </rollingPolicy>
  </appender>  
   
  <appender name="e2mecfg" class="ch.qos.logback.core.rolling.RollingFileAppender">
    <file>${APP_LOG_ROOT}/serviceE2m.log</file>
     <encoder>
      <pattern>${LOG_PATTERN}</pattern>
    </encoder>
    <rollingPolicy class="ch.qos.logback.core.rolling.TimeBasedRollingPolicy">
          <fileNamePattern>${APP_LOG_ROOT}/serviceE2m-%d{dd-MM-yyyy}.log</fileNamePattern>
      </rollingPolicy>
  </appender> 
  <appender name="asyncConsole" class="ch.qos.logback.classic.AsyncAppender">
    <appender-ref ref="console" />
  </appender>

  <appender name="asyncServiceCalParent" class="ch.qos.logback.classic.AsyncAppender">
    <appender-ref ref="ServiceCalParent" />
  </appender>

  <appender name="asyncServiceCalChild" class="ch.qos.logback.classic.AsyncAppender">
    <appender-ref ref="ServiceCalChild" />
  </appender>

  <appender name="asyncServiceLayout" class="ch.qos.logback.classic.AsyncAppender">
    <appender-ref ref="ServiceLayout" />
  </appender>

  <appender name="asyncE2mecfg" class="ch.qos.logback.classic.AsyncAppender">
    <appender-ref ref="e2mecfg" />
  </appender>
  
   <logger name="org" level="ERROR" additivity="false">
   
    <appender-ref ref="asyncConsole" />
  </logger>
  <logger name="com.cummins.servicepkg.service.cal.impl" level="INFO" additivity="false">
    <appender-ref ref="asyncServiceCalParent" />
    <appender-ref ref="asyncConsole" />
  </logger>
   
  <logger name="com.cummins.servicepkg.service.child.impl" level="INFO" additivity="false">
    <appender-ref ref="asyncServiceCalChild" />
    <appender-ref ref="asyncConsole" />
  </logger>
   
  <logger name="com.cummins.servicepkg.service.layout.impl" level="INFO" additivity="false">
    <appender-ref ref="asyncServiceLayout" />
    <appender-ref ref="asyncConsole" />
  </logger>
   
  <logger name="com.cummins.manta.service.e2m.impl" level="INFO" additivity="false">
    <appender-ref ref="asyncE2mecfg" />
    <appender-ref ref="asyncConsole" />
  </logger>
 
   <root level="info">
      <appender-ref ref="asyncConsole" />
   </root>
    
</configuration>