<configuration>
 
  <property name="LOG_PATTERN" value="%d{HH:mm:ss.SSS} [%t] %-5level %logger{36} [%X{uuid}] - %msg%n" />
  <property name="APP_LOG_ROOT" value="G:/PROCESSING/Manufacturing/logs"/>
   
  <appender name="console" class="ch.qos.logback.core.ConsoleAppender">
    <encoder>
      <pattern>${LOG_PATTERN}</pattern>
    </encoder>
  </appender>
 
  <appender name="mantaMaster" class="ch.qos.logback.core.rolling.RollingFileAppender">
    <file>${APP_LOG_ROOT}/mantaMaster.log</file>
    <encoder>
      <pattern>${LOG_PATTERN}</pattern>
    </encoder>
    <rollingPolicy class="ch.qos.logback.core.rolling.TimeBasedRollingPolicy">
      <fileNamePattern>${APP_LOG_ROOT}/mantaMaster-%d{dd-MM-yyyy}.log</fileNamePattern>
    </rollingPolicy>
  </appender>
   
  <appender name="rptrigger" class="ch.qos.logback.core.rolling.RollingFileAppender">
    <file>${APP_LOG_ROOT}/rptrigger.log</file>
    <encoder>
      <pattern>${LOG_PATTERN}</pattern>
    </encoder>
    <rollingPolicy class="ch.qos.logback.core.rolling.TimeBasedRollingPolicy">
      <fileNamePattern>${APP_LOG_ROOT}/rptrigger-%d{dd-MM-yyyy}.log</fileNamePattern>
    </rollingPolicy>
  </appender>  
   
  <appender name="dbpoller" class="ch.qos.logback.core.rolling.RollingFileAppender">
    <file>${APP_LOG_ROOT}/dbpoller.log</file>
    <encoder>
      <pattern>${LOG_PATTERN}</pattern>
    </encoder>
    <rollingPolicy class="ch.qos.logback.core.rolling.TimeBasedRollingPolicy">
      <fileNamePattern>${APP_LOG_ROOT}/dbpoller-%d{dd-MM-yyyy}.log</fileNamePattern>
    </rollingPolicy>
  </appender>  
   
  <appender name="childlog" class="ch.qos.logback.core.rolling.RollingFileAppender">
    <file>${APP_LOG_ROOT}/mantaChild.log</file>
    <encoder>
      <pattern>${LOG_PATTERN}</pattern>
    </encoder>
    <rollingPolicy class="ch.qos.logback.core.rolling.TimeBasedRollingPolicy">
      <fileNamePattern>${APP_LOG_ROOT}/mantaChild-%d{dd-MM-yyyy}.log</fileNamePattern>
    </rollingPolicy>
  </appender>  

  <appender name="asyncConsole" class="ch.qos.logback.classic.AsyncAppender">
    <appender-ref ref="console" />
  </appender>

  <appender name="asyncMantaMaster" class="ch.qos.logback.classic.AsyncAppender">
    <appender-ref ref="mantaMaster" />
  </appender>

  <appender name="asyncRptrigger" class="ch.qos.logback.classic.AsyncAppender">
    <appender-ref ref="rptrigger" />
  </appender>

  <appender name="asyncDbpoller" class="ch.qos.logback.classic.AsyncAppender">
    <appender-ref ref="dbpoller" />
  </appender>

  <appender name="asyncChildlog" class="ch.qos.logback.classic.AsyncAppender">
    <appender-ref ref="childlog" />
  </appender>

  <logger name="org" level="ERROR" additivity="false">
    <appender-ref ref="asyncConsole" />
  </logger>

  <logger name="com.cummins.manta.service.impl" level="INFO" additivity="false">
    <appender-ref ref="asyncMantaMaster" />
    <appender-ref ref="asyncConsole" />
  </logger>
   
  <logger name="com.cummins.manta.service.rptrigger.impl" level="INFO" additivity="false">
    <appender-ref ref="asyncRptrigger" />
    <appender-ref ref="asyncConsole" />
  </logger>
   
  <logger name="com.cummins.manta.service.poller.impl" level="INFO" additivity="false">
    <appender-ref ref="asyncDbpoller" />
    <appender-ref ref="asyncConsole" />
  </logger>
   
  <logger name="com.cummins.manta.service.pkgchild.impl" level="INFO" additivity="false">
    <appender-ref ref="asyncChildlog" />
    <appender-ref ref="asyncConsole" />
  </logger>
 
  <root level="info">
    <appender-ref ref="asyncConsole" />
  </root>
    
</configuration>
